Tip ID,Average Growth Rate (Âµm/s)
0,0.000
1,0.000
2,0.000
3,0.000
4,0.000
5,0.000
6,0.000
7,0.000
8,0.000
9,0.000
10,0.000
11,0.000
12,0.000
13,0.000
14,0.000
15,0.000
16,0.000
17,0.000
18,0.000
19,0.000
20,0.000
21,0.000
22,0.000
23,0.000
24,0.000
25,0.000
26,0.000
27,0.000
28,0.000
29,0.000
30,0.000
31,0.000
32,0.000
33,0.000
34,0.000
35,0.000
36,0.000
37,0.000
38,0.000
39,0.000
40,0.000
41,0.000
42,0.000
43,0.000
44,0.000
45,0.000
46,0.000
47,0.000
48,0.000
49,0.000
50,0.000
51,0.000
52,0.000
53,0.000
54,0.000
55,0.000
56,0.000
57,0.000
58,0.000
59,0.000
60,5.138
61,0.000
62,0.000
63,0.000
64,0.000
65,0.000
66,0.000
67,0.000
68,0.000
69,3.750
70,0.000
71,0.000
72,0.000
73,0.000
74,2.323
75,0.000
76,2.473
77,0.000
78,1.660
79,2.275
80,1.392
81,1.730
82,2.365
83,0.000
84,0.000
85,0.000
86,0.000
87,0.000
88,0.000
89,2.792
90,0.000
91,0.000
92,3.569
93,4.183
94,0.000
95,0.000
96,0.000
97,0.000
98,0.000
99,0.000
100,0.000
101,0.000
102,0.000
103,0.000
104,0.000
105,0.000
106,0.000
107,0.000
108,0.000
109,0.000
110,0.000
111,0.000
112,0.000
113,0.000
114,0.000
115,0.000
116,0.000
117,0.000
118,0.000
119,0.000
120,0.000
121,0.000
122,0.000
123,0.000
124,0.000
125,2.125
126,0.000
127,0.000
128,0.000
129,0.000
130,0.000
131,0.000
132,0.000
133,0.000
134,0.000
135,0.000
136,0.000
137,0.000
138,0.000
139,0.000
140,0.901
141,0.000
142,4.011
143,0.000
144,0.000
145,0.000
146,0.000
147,0.000
148,0.000
149,0.000
150,0.000
151,0.000
152,0.000
153,0.000
154,0.000
155,0.000
156,0.000
157,0.000
158,0.000
159,0.000
160,0.000
161,0.000
162,0.000
163,0.000
164,0.000
165,0.000
166,0.000
167,0.000
168,0.000
169,0.000
170,0.000
171,0.000
172,0.000
173,0.000
174,0.000
175,0.000
176,0.000
177,0.000
178,0.000
179,0.000
180,0.000
181,0.000
182,0.000
183,0.000
184,0.000
185,0.000
186,0.000
187,0.000
188,0.000
189,0.000
190,0.000
191,0.000
192,0.000
193,0.000
194,0.000
195,0.000
196,0.000
197,0.000
198,0.000
199,0.000
200,0.000
201,0.000
202,0.000
203,0.000
204,0.000
205,0.000
206,0.000
207,0.000
208,0.000
209,0.000
210,0.000
211,0.000
212,0.000
213,0.000
214,0.000
215,0.000
216,0.000
217,0.000
218,0.000
219,0.000
220,0.000
221,0.000
222,0.000
223,0.000
224,0.000
225,0.000
226,0.000
227,0.000
228,0.000
229,0.000
230,0.000
231,0.000
232,0.000
233,0.000
234,0.000
235,0.000
236,0.000
237,0.000
238,0.000
239,0.000
240,0.000
241,0.000
242,0.000
243,0.000
244,0.000
245,0.000
246,0.000
247,0.000
248,0.000
249,0.000
250,0.000
251,0.000
252,0.000
253,0.000
254,0.000
255,0.000
256,0.000
257,0.000
258,0.000
259,0.000
260,0.000
261,0.000
262,0.000
263,0.000
264,0.000
265,0.000
266,0.000
267,0.000
268,0.000
269,0.000
270,0.000
271,0.000
272,0.000
273,0.000
274,0.000
275,0.000
276,0.000
277,0.000
278,0.000
279,0.000
280,0.000
281,0.000
282,0.000
283,0.000
284,0.000
285,0.000
286,0.000
287,0.000
288,0.000
289,0.000
290,0.000
291,0.000
292,0.000
293,0.000
294,0.000
295,0.000
296,0.000
297,0.000
298,0.000
299,0.000
300,0.000
301,0.000
302,0.000
303,0.000
304,0.000
305,0.000
306,0.000
307,0.000
308,0.000
309,0.000
310,0.000
311,0.000
312,0.000
313,0.000
314,0.000
315,0.000
316,0.000
317,0.000
318,0.000
319,0.000
320,0.000
321,0.000
322,0.000
323,0.000
324,0.000
325,0.000
326,0.000
327,0.000
328,0.000
329,0.000
330,0.000
331,0.000
332,0.000
333,0.000
334,0.000
335,0.000
336,0.000
337,0.000
338,0.000
339,0.000
340,0.000
341,0.000
342,0.000
343,0.000
344,0.000
345,0.000
346,0.000
347,0.000
348,0.000
349,0.000
350,0.000
351,0.000
352,0.000
353,0.000
354,0.000
355,0.000
356,0.000
357,0.000
358,0.000
359,0.000
360,0.000
361,0.000
362,0.000
363,0.000
364,0.000
365,0.000
366,0.000
367,0.000
368,0.000
369,0.000
370,0.000
371,0.000
372,0.000
373,0.000
374,0.000
375,0.000
376,0.000
377,0.000
378,0.000
379,0.000
380,0.000
381,0.000
382,0.000
383,0.000
384,0.000
385,0.000
386,0.000
387,0.000
388,0.000
389,0.000
390,0.000
391,0.000
392,0.000
393,0.000
394,0.000
395,0.000
396,0.000
397,0.000
398,0.000
399,0.000
400,0.000
401,0.000
402,0.000
403,0.000
404,0.000
405,0.000
406,0.000
407,0.000
408,0.000
409,0.000
410,0.000
411,0.000
412,0.000
413,0.000
414,0.000
415,0.000
416,0.000
417,0.000
418,0.000
419,0.000
420,0.000
421,0.000
422,0.000
423,0.000
424,0.000
425,0.000
426,0.000
427,0.000
428,0.000
429,0.000
430,0.000
431,0.000
432,0.000
433,0.000
434,0.000
435,0.000
436,0.000
437,0.000
438,0.000
439,0.000
440,0.000
441,0.000
442,0.000
443,0.000
444,0.000
445,0.000
446,0.000
447,0.000
448,0.000
449,0.000
450,0.000
451,0.000
452,0.000
453,0.000
454,0.000
455,0.000
456,0.000
457,0.000
458,0.000
459,0.000
460,0.000
461,0.000
462,0.000
463,0.000
464,0.000
465,0.000
466,0.000
467,0.000
468,0.000
469,0.000
470,0.000
471,0.000
472,0.000
473,0.000
474,0.000
475,0.000
476,0.000
477,0.000
478,0.000
479,0.000
480,0.000
481,0.000
482,0.000
483,0.000
484,0.000
485,0.000
486,0.000
487,0.000
488,0.000
489,0.000
490,0.000
491,0.000
492,0.000
493,0.000
494,0.000
495,0.000
496,0.000
497,0.000
498,0.000
499,0.000
500,0.000
501,0.000
502,0.000
503,0.000
504,0.000
505,0.000
506,0.000
507,0.000
508,0.000
509,0.000
510,0.000
511,0.000
512,0.000
513,0.000
514,0.000
515,0.000
516,0.000
517,0.000
518,0.000
519,0.000
520,0.000
521,0.000
522,0.000
523,0.000
524,0.000
525,0.000
526,0.000
527,0.000
528,0.000
529,0.000
530,0.000
531,0.000
532,0.000
533,0.000
534,0.000
535,0.000
536,0.000
537,0.000
538,0.000
539,0.000
540,0.000
541,0.000
542,0.000
543,0.000
544,0.000
545,0.000
546,0.000
547,0.000
548,0.000
549,0.000
550,0.000
551,0.000
552,0.000
553,0.000
554,0.000
555,0.000
556,0.000
557,0.000
558,0.000
559,0.000
560,0.000
561,0.000
562,0.000
563,0.000
564,0.000
565,0.000
566,0.000
567,0.000
568,0.000
569,0.000
570,0.000
571,0.000
572,0.000
573,0.000
574,0.000
575,0.000
576,0.000
577,0.000
578,0.000
579,0.000
580,0.000
581,0.000
582,0.000
583,0.000
584,0.000
585,0.000
586,0.000
587,0.000
588,0.000
589,0.000
590,0.000
591,0.000
592,0.000
593,0.000
594,0.000
595,0.000
596,0.000
597,0.000
598,0.000
599,0.000
600,0.000
601,0.000
602,0.000
603,0.000
604,0.000
605,0.000
606,0.000
607,0.000
608,0.000
609,0.000
610,0.000
611,0.000
612,0.000
613,0.000
614,0.000
615,0.000
616,0.000
617,0.000
618,0.000
619,0.000
620,0.000
621,0.000
622,0.000
623,0.000
624,0.000
625,0.000
626,0.000
627,0.000
628,0.000
629,0.000
630,0.000
631,0.000
632,0.000
633,0.000
634,0.000
635,0.000
636,0.000
637,0.000
638,0.000
639,0.000
640,0.000
641,0.000
642,0.000
643,0.000
644,0.000
645,0.000
646,0.000
647,0.000
648,0.000
649,0.000
650,0.000
651,0.000
652,0.000
653,0.000
654,0.000
655,0.000
656,0.000
657,0.000
658,0.000
659,0.000
660,0.000
661,0.000
662,0.000
663,0.000
664,0.000
665,0.000
666,0.000
667,0.000
668,0.000
669,0.000
670,0.000
671,0.000
672,0.000
673,0.000
674,0.000
675,0.000
676,0.000
677,0.000
678,0.000
679,0.000
680,0.000
681,0.000
682,0.000
683,0.000
684,0.000
685,0.000
686,0.000
687,0.000
688,0.000
689,0.000
690,0.000
691,0.000
692,0.000
693,0.000
694,0.000
695,0.000
696,0.000
697,0.000
698,0.000
699,0.000
700,0.000
701,0.000
702,0.000
703,0.000
704,0.000
705,0.000
706,0.000
707,0.000
708,0.000
709,0.000
710,0.000
711,0.000
712,0.000
713,0.000
714,0.000
715,0.000
716,0.000
717,0.000
718,0.000
719,0.000
720,0.000
721,0.000
722,0.000
723,0.000
724,0.000
725,0.000
726,0.000
727,0.000
728,0.000
729,0.000
730,0.000
731,0.000
732,0.000
733,0.000
734,0.000
735,0.000
736,0.000
737,0.000
738,0.000
739,0.000
740,0.000
741,0.000
742,0.000
743,0.000
744,0.000
745,0.000
746,0.000
747,0.000
748,0.000
749,0.000
750,0.000
751,0.000
752,0.000
753,0.000
754,0.000
755,0.000
756,0.000
757,0.000
758,0.000
759,0.000
760,0.000
761,0.000
762,0.000
763,0.000
764,0.000
765,0.000
766,0.000
767,0.000
768,0.000
769,0.000
770,0.000
771,0.000
772,0.000
773,0.000
774,0.000
775,0.000
776,0.000
777,0.000
778,0.000
779,0.000
780,0.000
781,0.000
782,0.000
783,0.000
784,0.000
785,0.000
786,0.000
787,0.000
788,0.000
789,0.000
790,0.000
791,0.000
792,0.000
793,0.000
794,0.000
795,0.000
796,0.000
797,0.000
798,0.000
799,0.000
800,0.000
801,0.000
802,0.000
803,0.000
804,0.000
805,0.000
806,0.000
807,0.000
808,0.000
809,0.000
810,0.000
811,0.000
812,0.000
813,0.000
814,0.000
815,0.000
816,0.000
817,0.000
818,0.000
819,0.000
820,0.000
821,0.000
822,0.000
823,0.000
824,0.000
825,0.000
826,0.000
827,0.000
828,0.000
829,0.000
830,0.000
831,0.000
832,0.000
833,0.000
834,0.000
835,0.000
836,0.000
837,0.000
838,0.000
839,0.000
840,0.000
841,0.000
842,0.000
843,0.000
844,0.000
845,0.000
846,0.000
847,0.000
848,0.000
849,0.000
850,0.000
851,0.000
852,0.000
853,0.000
854,0.000
855,0.000
856,0.000
857,0.000
858,0.000
859,0.000
860,0.000
861,0.000
862,0.000
863,0.000
864,0.000
865,0.000
866,0.000
867,0.000
868,0.000
869,0.000
870,0.000
871,0.000
872,0.000
873,0.000
874,0.000
875,0.000
876,0.000
877,0.000
878,0.000
879,0.000
880,0.000
881,0.000
882,0.000
883,0.000
884,0.000
885,0.000
886,0.000
887,0.000
888,0.000
889,0.000
890,0.000
891,0.000
892,0.000
893,0.000
894,0.000
895,0.000
896,0.000
897,0.000
898,0.000
899,0.000
900,0.000
901,0.000
902,0.000
903,0.000
904,0.000
905,0.000
906,0.000
907,0.000
908,0.000
909,0.000
910,0.000
911,0.000
912,0.000
913,0.000
914,0.000
915,0.000
916,0.000
917,0.000
918,0.000
919,0.000
920,0.000
921,0.000
922,0.000
923,0.000
924,0.000
925,0.000
926,0.000
927,0.000
928,0.000
929,0.000
930,0.000
931,0.000
932,0.000
933,0.000
934,0.000
935,0.000
936,0.000
937,0.000
938,0.000
939,0.000
940,0.000
941,0.000
942,0.000
943,0.000
944,0.000
945,0.000
946,0.000
947,0.000
948,0.000
949,0.000
950,0.000
951,0.000
952,0.000
953,0.000
954,0.000
955,0.000
956,0.000
957,0.000
958,0.000
959,0.000
960,0.000
961,0.000
962,0.000
963,0.000
964,0.000
965,0.000
966,0.000
967,0.000
968,0.000
969,0.000
970,0.000
971,0.000
972,0.000
973,0.000
974,0.000
975,0.000
976,0.000
977,0.000
978,0.000
979,0.000
980,0.000
981,0.000
982,0.000
983,0.000
984,0.000
985,0.000
986,0.000
987,0.000
988,0.000
989,0.000
990,0.000
991,0.000
992,0.000
993,0.000
994,0.000
995,0.000
996,0.000
997,0.000
998,0.000
999,0.000
1000,0.000
1001,0.000
1002,0.000
1003,0.000
1004,0.000
1005,0.000
1006,0.000
1007,0.000
1008,0.000
1009,0.000
1010,0.000
1011,0.000
1012,0.000
1013,0.000
1014,0.000
1015,0.000
1016,0.000
1017,0.000
1018,0.000
1019,0.000
1020,0.000
1021,0.000
1022,0.000
1023,0.000
1024,0.000
1025,0.000
1026,0.000
1027,0.000
1028,0.000
1029,0.000
1030,0.000
1031,0.000
1032,0.000
1033,0.000
1034,0.000
1035,0.000
1036,0.000
1037,0.000
1038,0.000
1039,0.000
1040,0.000
1041,0.000
1042,0.000
1043,0.000
1044,0.000
1045,0.000
1046,0.000
1047,0.000
1048,0.000
1049,0.000
1050,0.000
1051,0.000
1052,0.000
1053,0.000
1054,0.000
1055,0.000
1056,0.000
1057,0.000
1058,0.000
1059,0.000
1060,0.000
1061,0.000
1062,0.000
1063,0.000
1064,0.000
1065,0.000
1066,0.000
1067,0.000
1068,0.000
1069,0.000
1070,0.000
1071,0.000
1072,0.000
1073,0.000
1074,0.000
1075,0.000
1076,0.000
1077,0.000
1078,0.000
1079,0.000
1080,0.000
1081,0.000
1082,0.000
1083,0.000
1084,0.000
1085,0.000
1086,0.000
1087,0.000
1088,0.000
1089,0.000
1090,0.000
1091,0.000
1092,0.000
1093,0.000
1094,0.000
1095,0.000
1096,0.000
1097,0.000
1098,0.000
1099,0.000
1100,0.000
1101,0.000
1102,0.000
1103,0.000
1104,0.000
1105,0.000
1106,0.000
1107,0.000
1108,0.000
1109,0.000
1110,0.000
1111,0.000
1112,0.000
1113,0.000
1114,0.000
1115,0.000
1116,0.000
1117,0.000
1118,0.000
1119,0.000
1120,0.000
1121,0.000
1122,0.000
1123,0.000
1124,0.000
1125,0.000
1126,0.000
1127,0.000
1128,0.000
1129,0.000
1130,0.000
1131,0.000
1132,0.000
1133,0.000
1134,0.000
1135,0.000
1136,0.000
1137,0.000
1138,0.000
1139,0.000
1140,0.000
1141,0.000
1142,0.000
1143,0.000
1144,0.000
1145,0.000
1146,0.000
1147,0.000
1148,0.000
1149,0.000
1150,0.000
1151,0.000
1152,0.000
1153,0.000
1154,1.262
1155,0.000
1156,2.973
1157,1.603
1158,6.488
1159,2.131
1160,0.000
1161,0.000
1162,0.000
1163,0.000
1164,1.029
1165,0.000
1166,2.716
1167,0.960
1168,1.662
1169,1.773
1170,1.075
1171,0.445
1172,1.215
1173,1.874
1174,1.333
1175,0.810
1176,0.000
1177,2.579
1178,1.681
1179,2.594
1180,2.301
1181,1.985
1182,2.442
1183,0.000
1184,2.161
1185,0.000
1186,0.000
1187,1.913
1188,1.614
1189,2.915
1190,0.000
1191,2.724
1192,1.491
1193,2.556
1194,1.768
1195,2.311
1196,2.725
1197,2.121
1198,0.000
1199,1.654
1200,1.331
1201,2.188
1202,2.318
1203,4.279
1204,0.000
1205,3.802
1206,1.030
1207,2.772
1208,0.619
1209,1.776
1210,5.551
1211,0.000
1212,2.442
1213,2.429
1214,0.322
1215,3.431
1216,1.473
1217,0.412
1218,0.439
1219,1.838
1220,0.000
1221,2.830
1222,0.000
1223,3.089
1224,1.000
1225,2.335
1226,1.440
1227,1.684
1228,0.000
1229,0.000
1230,1.621
1231,3.270
1232,4.423
1233,0.000
1234,0.000
1235,0.000
1236,3.023
1237,0.000
1238,2.153
1239,1.572
1240,0.993
1241,1.434
1242,1.009
1243,2.568
1244,0.424
1245,1.255
1246,0.270
1247,2.828
1248,3.184
1249,0.981
1250,0.000
1251,1.999
1252,1.509
1253,1.647
1254,0.000
1255,3.166
1256,4.021
1257,2.729
1258,2.666
1259,1.857
1260,1.396
1261,5.303
1262,3.898
1263,2.913
1264,1.784
1265,1.730
1266,2.009
1267,0.000
1268,0.000
1269,0.000
1270,2.525
1271,0.000
1272,2.032
1273,1.875
1274,3.793
1275,0.000
1276,0.000
1277,2.190
1278,2.188
1279,2.015
1280,1.888
1281,3.222
1282,0.000
1283,3.202
1284,2.022
1285,0.000
1286,0.248
1287,3.092
1288,0.509
1289,4.081
1290,0.429
1291,0.000
1292,2.236
1293,0.000
1294,1.105
1295,1.574
1296,1.873
1297,1.835
1298,1.226
1299,0.000
1300,1.458
1301,0.000
1302,0.000
1303,0.000
1304,0.000
1305,0.000
1306,2.656
1307,0.000
1308,1.097
1309,2.114
1310,1.250
1311,0.661
1312,0.897
1313,0.000
1314,0.000
1315,0.642
1316,0.000
1317,0.000
1318,0.837
1319,0.000
1320,0.803
1321,2.026
1322,1.385
1323,0.000
1324,0.526
1325,0.443
1326,0.000
1327,1.719
1328,2.712
1329,1.672
1330,3.385
1331,1.560
1332,2.274
1333,0.398
1334,2.251
1335,0.000
1336,2.689
1337,1.342
1338,0.000
1339,0.000
1340,3.374
1341,1.795
1342,0.000
1343,1.682
1344,2.610
1345,0.000
1346,2.505
1347,0.000
1348,0.000
1349,2.485
1350,0.901
1351,0.000
1352,0.000
1353,0.000
1354,0.000
1355,0.000
1356,0.500
1357,1.608
1358,0.923
1359,0.000
1360,1.000
1361,1.274
1362,4.257
1363,0.000
1364,1.458
1365,2.574
1366,1.360
1367,0.000
1368,1.525
1369,0.575
1370,1.749
1371,2.514
1372,3.069
1373,2.186
1374,0.000
1375,2.922
1376,1.606
1377,4.423
1378,1.665
1379,0.356
1380,1.115
1381,1.203
1382,1.411
1383,0.978
1384,1.547
1385,0.574
1386,0.591
1387,0.960
1388,1.780
1389,1.417
1390,1.969
1391,1.437
1392,1.981
1393,2.373
1394,0.000
1395,1.679
1396,0.000
1397,1.327
1398,0.729
1399,0.000
1400,2.000
1401,1.597
1402,1.076
1403,1.484
1404,0.705
1405,2.139
1406,1.615
1407,1.371
1408,1.786
1409,1.311
1410,0.000
1411,0.000
1412,0.000
1413,1.290
1414,1.318
1415,1.925
1416,1.531
1417,0.504
1418,0.798
1419,1.418
1420,0.440
1421,1.650
1422,0.504
1423,0.349
1424,0.000
1425,1.563
1426,1.685
1427,0.000
1428,0.000
1429,0.000
1430,0.000
1431,1.558
1432,1.074
1433,1.124
1434,0.950
1435,3.017
1436,1.637
1437,1.030
1438,0.000
1439,1.261
1440,1.841
1441,1.709
1442,1.389
1443,1.383
1444,1.324
1445,0.791
1446,1.461
1447,1.448
1448,1.953
1449,1.454
1450,3.054
1451,1.331
1452,1.957
1453,2.035
1454,1.221
1455,3.155
1456,2.045
1457,2.732
1458,5.303
1459,1.912
1460,1.036
1461,1.095
1462,1.529
1463,1.712
1464,0.000
1465,1.054
1466,0.414
1467,2.849
1468,1.424
1469,1.509
1470,2.225
1471,1.436
1472,2.580
1473,0.000
1474,2.237
1475,1.203
1476,2.640
1477,2.316
1478,1.453
1479,1.270
1480,2.041
1481,2.256
1482,2.165
1483,1.426
1484,2.049
1485,0.000
1486,2.382
1487,2.338
1488,0.645
1489,2.291
1490,1.232
1491,2.211
1492,1.743
1493,2.425
1494,0.939
1495,0.913
1496,1.680
1497,1.623
1498,1.110
1499,1.111
1500,1.615
1501,0.000
1502,1.381
1503,2.854
1504,0.000
1505,2.483
1506,1.487
1507,1.815
1508,1.355
1509,2.264
1510,1.346
1511,2.676
1512,2.151
1513,1.417
1514,2.475
1515,1.733
1516,1.861
1517,1.889
1518,2.045
1519,2.145
1520,2.237
1521,2.709
1522,2.133
1523,1.620
1524,1.060
1525,2.017
1526,2.796
1527,2.648
1528,1.445
1529,2.792
1530,2.637
1531,1.629
1532,3.468
1533,1.505
1534,2.778
1535,2.153
1536,1.240
1537,1.985
1538,0.674
1539,1.015
1540,0.000
1541,1.742
1542,2.659
1543,1.327
1544,1.755
1545,1.003
1546,3.953
1547,1.776
1548,0.000
1549,0.000
1550,0.000
1551,0.000
1552,0.000
1553,0.000
1554,0.000
1555,0.000
1556,0.935
1557,0.000
1558,0.000
1559,1.358
1560,0.000
1561,0.000
1562,0.000
1563,0.000
1564,2.187
1565,2.359
1566,2.326
1567,2.297
1568,1.510
1569,2.109
1570,2.311
1571,3.402
1572,2.025
1573,0.000
1574,1.169
1575,2.285
1576,2.360
1577,2.084
1578,1.559
1579,2.256
1580,3.193
1581,2.880
1582,1.446
1583,4.263
1584,1.162
1585,1.763
1586,2.282
1587,2.000
1588,1.942
1589,1.631
1590,1.250
1591,2.315
1592,3.010
1593,2.910
1594,2.119
1595,0.000
1596,3.501
1597,0.000
1598,3.061
1599,2.568
1600,2.331
1601,0.000
1602,3.396
1603,2.212
1604,0.953
1605,3.298
1606,2.526
1607,2.936
1608,3.129
1609,3.115
1610,2.337
1611,3.025
1612,2.982
1613,0.488
1614,2.657
1615,1.750
1616,2.711
1617,3.320
1618,1.421
1619,1.609
1620,2.833
1621,1.646
1622,2.362
1623,2.768
1624,4.301
1625,2.802
1626,0.000
1627,0.000
1628,0.000
1629,2.717
1630,0.000
1631,3.652
1632,2.555
1633,2.415
1634,1.782
1635,3.003
1636,2.108
1637,2.856
1638,1.591
1639,1.633
1640,0.939
1641,3.586
1642,3.075
1643,2.697
1644,2.410
1645,2.156
1646,2.561
1647,0.625
1648,1.364
1649,4.396
1650,1.638
1651,1.688
1652,2.744
1653,4.440
1654,2.638
1655,2.106
1656,1.383
1657,2.087
1658,2.036
1659,1.009
1660,2.070
1661,2.125
1662,0.710
1663,0.908
1664,1.464
1665,2.584
1666,2.271
1667,2.311
1668,1.666
1669,1.507
1670,0.565
1671,1.047
1672,2.955
1673,1.157
1674,5.303
1675,4.123
1676,0.827
1677,0.764
1678,3.490
1679,0.000
1680,1.924
1681,1.850
1682,0.000
1683,0.000
1684,1.016
1685,0.000
1686,2.004
1687,2.538
1688,3.644
1689,1.841
1690,2.163
1691,2.123
1692,2.746
1693,1.344
1694,4.828
1695,4.126
1696,1.377
1697,1.866
1698,2.168
1699,2.157
1700,3.207
1701,1.737
1702,3.289
1703,2.741
1704,1.449
1705,2.475
1706,1.250
1707,3.254
1708,2.940
1709,2.910
1710,2.902
1711,2.693
1712,2.969
1713,2.823
1714,0.000
1715,0.000
1716,0.918
1717,0.862
1718,0.819
1719,3.203
1720,2.154
1721,2.254
1722,0.000
1723,4.877
1724,0.741
1725,3.272
1726,5.154
1727,2.384
1728,3.110
1729,2.037
1730,3.426
1731,2.898
1732,4.423
1733,1.833
1734,4.889
1735,2.754
1736,1.765
1737,3.673
1738,2.089
1739,5.219
1740,3.470
1741,0.000
1742,0.000
1743,2.617
1744,0.000
1745,0.000
1746,3.186
1747,2.004
1748,0.913
1749,0.491
1750,1.896
1751,3.910
1752,2.761
1753,0.966
1754,0.000
1755,0.791
1756,3.097
1757,2.091
1758,2.016
1759,2.107
1760,0.000
1761,1.584
1762,3.319
1763,4.466
1764,4.723
1765,1.061
1766,0.901
1767,1.490
1768,0.000
1769,2.029
1770,0.000
1771,3.787
1772,2.566
1773,1.609
1774,2.026
1775,1.232
1776,2.162
1777,1.840
1778,0.000
1779,1.849
1780,1.632
1781,0.000
1782,1.485
1783,1.840
1784,0.000
1785,1.750
1786,1.625
1787,0.000
1788,2.500
1789,1.359
1790,2.915
1791,0.000
1792,0.000
1793,1.930
1794,0.000
1795,0.000
1796,1.695
1797,1.779
1798,1.232
1799,0.000
1800,0.000
1801,0.000
1802,0.500
1803,1.872
1804,0.998
1805,3.027
1806,2.035
1807,0.000
1808,3.660
1809,2.316
1810,2.934
1811,0.000
1812,3.013
1813,2.403
1814,2.206
1815,0.000
1816,5.000
1817,1.960
1818,0.000
1819,1.430
1820,1.939
1821,0.000
1822,1.878
1823,0.000
1824,1.198
1825,3.609
1826,0.000
1827,0.956
1828,0.000
1829,0.000
1830,0.000
1831,1.924
1832,0.000
1833,1.459
1834,0.000
1835,2.828
1836,0.000
1837,2.259
1838,1.924
1839,2.872
1840,1.351
1841,4.366
1842,1.871
1843,2.410
1844,1.460
1845,0.000
1846,2.840
1847,1.870
1848,2.256
1849,1.953
1850,1.424
1851,0.347
1852,2.199
1853,1.576
1854,2.393
1855,1.309
1856,2.919
1857,1.074
1858,1.023
1859,2.557
1860,2.330
1861,3.454
1862,3.829
1863,2.642
1864,3.185
1865,3.133
1866,2.626
1867,2.759
1868,3.010
1869,1.506
1870,2.305
1871,2.237
1872,1.511
1873,2.174
1874,3.499
1875,2.870
1876,1.960
1877,0.000
1878,2.944
1879,2.401
1880,2.971
1881,2.908
1882,3.313
1883,0.000
1884,4.589
1885,2.789
1886,3.150
1887,1.531
1888,4.259
1889,3.536
1890,1.118
1891,0.000
1892,1.705
1893,5.025
1894,4.393
1895,0.000
1896,3.466
1897,1.552
1898,0.000
1899,3.112
1900,3.913
1901,2.305
1902,1.511
1903,0.000
1904,0.000
1905,0.000
1906,5.837
1907,2.462
1908,3.594
1909,3.184
1910,0.000
1911,3.579
1912,3.430
1913,2.121
1914,3.848
1915,0.000
1916,4.596
1917,0.354
1918,0.000
1919,0.000
1920,0.000
1921,2.795
1922,0.000
1923,2.787
1924,0.000
1925,0.000
1926,0.000
1927,1.949
1928,0.000
1929,2.806
1930,3.527
1931,3.871
1932,0.559
1933,0.000
1934,3.046
1935,0.000
1936,0.000
1937,0.000
1938,4.056
1939,0.000
1940,0.000
1941,0.000
1942,3.533
1943,1.793
1944,0.000
1945,0.000
1946,2.000
1947,0.000
1948,0.000
1949,0.000
1950,1.768
1951,0.000
1952,4.598
1953,3.101
1954,0.000
1955,4.589
1956,3.260
1957,3.093
1958,1.454
1959,1.275
1960,0.000
1961,0.000
1962,0.000
1963,0.000
1964,0.000
1965,0.000
1966,0.000
1967,0.000
1968,0.000
1969,0.000
1970,0.000
1971,0.000
1972,0.000
1973,0.000
1974,0.000
1975,0.000
1976,0.000
1977,0.000
1978,2.848
1979,0.000
1980,0.000
1981,1.232
1982,0.000
1983,0.000
1984,1.938
1985,1.677
1986,2.391
1987,5.277
1988,1.458
1989,1.458
1990,0.000
1991,2.372
1992,0.000
1993,0.000
1994,1.315
1995,0.000
1996,1.275
1997,1.237
1998,0.000
1999,0.000
2000,0.896
2001,2.513
2002,0.000
2003,1.143
2004,2.795
2005,2.224
2006,0.000
2007,0.000
2008,0.000
2009,0.000
2010,0.000
2011,2.889
2012,2.524
2013,0.000
2014,4.008
2015,0.000
2016,3.743
2017,2.887
2018,1.592
2019,2.420
2020,2.850
2021,1.812
2022,2.926
2023,2.095
2024,0.000
2025,0.000
2026,2.114
2027,1.496
2028,0.000
2029,1.069
2030,0.000
2031,2.737
2032,5.344
2033,2.171
2034,2.069
2035,1.457
2036,2.642
2037,2.442
2038,0.000
2039,2.437
2040,2.052
2041,1.272
2042,1.834
2043,2.026
2044,0.000
2045,0.000
2046,2.308
2047,2.769
2048,4.134
2049,1.430
2050,2.022
2051,3.366
2052,0.000
2053,0.000
2054,2.339
2055,2.334
2056,2.451
2057,0.000
2058,0.000
2059,3.389
2060,3.523
2061,2.184
2062,2.293
2063,2.009
2064,1.871
2065,0.000
2066,2.142
2067,3.951
2068,0.000
2069,3.427
2070,1.602
2071,0.000
2072,0.000
2073,0.000
2074,3.446
2075,4.828
2076,3.479
2077,1.672
2078,0.000
2079,0.250
2080,0.000
2081,0.000
2082,0.000
2083,1.161
2084,0.000
2085,2.578
2086,0.000
2087,3.269
2088,1.904
2089,0.887
2090,1.256
2091,2.129
2092,1.529
2093,0.000
2094,3.753
2095,4.931
2096,0.000
2097,2.381
2098,0.750
2099,1.308
2100,1.357
2101,1.742
2102,0.000
2103,0.000
2104,2.062
2105,0.000
2106,0.000
2107,0.000
2108,1.387
2109,0.750
2110,2.976
2111,0.000
2112,2.221
2113,0.000
2114,1.743
2115,1.000
2116,1.250
2117,1.427
2118,0.000
2119,2.104
2120,1.931
2121,1.275
2122,2.156
2123,0.000
2124,1.415
2125,2.169
2126,0.000
2127,1.892
2128,1.828
2129,1.024
2130,0.000
2131,1.577
2132,0.997
2133,2.149
2134,0.000
2135,0.000
2136,0.501
2137,2.162
2138,0.000
2139,0.000
2140,1.027
2141,0.000
2142,0.868
2143,0.000
2144,0.760
2145,1.622
2146,2.218
2147,1.000
2148,0.000
2149,0.854
2150,0.000
2151,0.000
2152,1.884
2153,1.964
2154,1.336
2155,2.117
2156,0.000
2157,0.469
2158,0.000
2159,0.000
2160,3.039
2161,2.173
2162,0.000
2163,0.820
2164,3.471
2165,0.000
2166,2.427
2167,4.138
2168,0.778
2169,2.304
2170,0.000
2171,1.005
2172,0.000
2173,1.116
2174,0.755
2175,0.596
2176,0.000
2177,2.109
2178,2.322
2179,5.031
2180,2.750
2181,1.446
2182,2.795
2183,3.010
2184,5.274
2185,2.476
2186,3.000
2187,0.000
2188,2.998
2189,0.577
2190,0.000
2191,1.435
2192,1.515
2193,1.541
2194,0.000
2195,0.707
2196,2.155
2197,2.676
2198,0.000
2199,3.953
2200,2.076
2201,1.880
2202,1.381
2203,1.576
2204,1.094
2205,3.359
2206,2.895
2207,0.000
2208,3.228
2209,0.000
2210,0.000
2211,3.841
2212,0.822
2213,0.000
2214,1.991
2215,5.706
2216,3.640
2217,2.418
2218,2.845
2219,2.455
2220,3.010
2221,1.895
2222,2.245
2223,1.959
2224,1.754
2225,3.052
2226,3.362
2227,0.000
2228,0.000
2229,3.092
2230,0.000
2231,2.733
2232,2.159
2233,1.437
2234,2.746
2235,2.060
2236,2.362
2237,2.417
2238,1.848
2239,2.123
2240,1.389
2241,1.350
2242,3.886
2243,1.340
2244,2.281
2245,3.875
2246,2.264
2247,1.982
2248,2.692
2249,2.564
2250,2.073
2251,2.760
2252,0.142
2253,2.871
2254,3.312
2255,4.322
2256,3.152
2257,1.445
2258,2.233
2259,2.433
2260,2.696
2261,0.000
2262,2.399
2263,0.791
2264,1.360
2265,3.916
2266,0.000
2267,1.991
2268,2.682
2269,2.397
2270,1.809
2271,1.992
2272,2.672
2273,1.873
2274,3.203
2275,2.823
2276,1.873
2277,1.998
2278,1.694
2279,0.925
2280,2.070
2281,3.882
2282,2.510
2283,1.969
2284,1.515
2285,2.828
2286,2.780
2287,2.619
2288,0.000
2289,3.870
2290,0.000
2291,3.182
2292,2.430
2293,0.000
2294,0.868
2295,0.000
2296,2.503
2297,1.907
2298,2.543
2299,1.601
2300,4.451
2301,2.578
2302,1.759
2303,2.200
2304,3.747
2305,2.247
2306,5.646
2307,2.038
2308,2.358
2309,1.628
2310,2.744
2311,3.717
2312,3.212
2313,3.558
2314,1.318
2315,2.329
2316,2.387
2317,1.521
2318,2.305
2319,0.000
2320,0.970
2321,1.581
2322,1.634
2323,3.579
2324,5.038
2325,0.000
2326,0.000
2327,0.000
2328,2.998
2329,0.000
2330,0.000
2331,0.000
2332,4.050
2333,0.000
2334,1.803
2335,1.729
2336,0.000
2337,2.730
2338,2.344
2339,0.000
2340,2.402
2341,4.359
2342,0.000
2343,4.802
2344,5.827
2345,0.250
2346,0.000
2347,2.477
2348,1.918
2349,2.115
2350,2.795
2351,0.000
2352,0.000
2353,2.500
2354,2.129
2355,0.000
2356,2.426
2357,0.000
2358,0.000
2359,1.601
2360,1.413
2361,1.401
2362,1.136
2363,1.263
2364,3.495
2365,0.000
2366,1.942
2367,1.737
2368,1.982
2369,0.000
2370,2.708
2371,0.000
2372,0.000
2373,2.821
2374,2.840
2375,3.330
2376,3.885
2377,0.000
2378,1.275
2379,0.000
2380,0.000
2381,1.652
2382,0.000
2383,0.000
2384,0.000
2385,0.000
2386,2.886
2387,3.162
2388,3.866
2389,2.554
2390,2.138
2391,0.000
2392,0.000
2393,2.951
2394,3.634
2395,2.850
2396,0.000
2397,1.614
2398,2.512
2399,0.000
2400,0.000
2401,2.960
2402,0.000
2403,3.958
2404,0.000
2405,0.000
2406,0.000
2407,3.004
2408,4.610
2409,0.000
2410,0.000
2411,1.808
2412,0.000
2413,1.677
2414,2.423
2415,2.206
2416,0.000
2417,3.250
2418,0.000
2419,0.000
2420,0.000
2421,1.574
2422,2.212
2423,0.000
2424,3.183
2425,2.889
2426,0.000
2427,3.306
2428,0.135
2429,0.000
2430,1.412
2431,3.475
2432,3.645
2433,2.850
2434,3.139
2435,4.386
2436,2.301
2437,0.000
2438,0.000
2439,0.000
2440,3.093
2441,0.589
2442,2.064
2443,2.299
2444,2.405
2445,1.536
2446,0.000
2447,0.000
2448,0.000
2449,0.000
2450,0.000
2451,2.213
2452,2.637
2453,2.756
2454,0.000
2455,0.000
2456,0.000
2457,1.423
2458,3.825
2459,0.000
2460,1.739
2461,2.451
2462,0.000
2463,0.841
2464,2.334
2465,2.094
2466,3.167
2467,0.996
2468,2.115
2469,2.314
2470,0.000
2471,0.000
2472,2.277
2473,0.000
2474,0.370
2475,4.307
2476,0.000
2477,3.445
2478,3.277
2479,2.782
2480,1.964
2481,1.842
2482,3.055
2483,2.852
2484,0.000
2485,1.917
2486,0.707
2487,2.314
2488,0.000
2489,2.945
2490,3.052
2491,2.441
2492,3.905
2493,0.000
2494,0.000
2495,2.170
2496,3.084
2497,0.000
2498,0.000
2499,0.411
2500,1.961
2501,1.737
2502,3.783
2503,0.000
2504,0.000
2505,0.000
2506,0.000
2507,0.000
2508,2.971
2509,1.738
2510,1.917
2511,0.871
2512,1.012
2513,0.000
2514,2.171
2515,2.061
2516,4.013
2517,2.220
2518,0.662
2519,2.486
2520,2.320
2521,0.724
2522,2.076
2523,1.876
2524,3.702
2525,1.911
2526,1.926
2527,1.537
2528,0.791
2529,0.799
2530,0.000
2531,1.230
2532,1.064
2533,0.000
2534,1.320
2535,0.450
2536,2.581
2537,0.946
2538,2.646
2539,1.058
2540,1.085
2541,1.089
2542,0.946
2543,0.937
2544,1.018
2545,2.598
2546,1.507
2547,0.000
2548,1.657
2549,2.255
2550,1.939
2551,1.960
2552,1.510
2553,0.000
2554,1.417
2555,2.486
2556,2.141
2557,0.000
2558,3.456
2559,0.000
2560,0.000
2561,2.082
2562,2.060
2563,0.000
2564,2.162
2565,2.293
2566,1.167
2567,1.415
2568,4.257
2569,2.058
2570,2.123
2571,2.151
2572,1.862
2573,1.212
2574,2.009
2575,1.617
2576,1.859
2577,0.354
2578,0.000
2579,3.824
2580,2.314
2581,1.570
2582,1.803
2583,1.829
2584,2.846
2585,3.323
2586,0.000
2587,1.248
2588,2.005
2589,3.343
2590,3.658
2591,2.384
2592,3.619
2593,2.866
2594,1.955
2595,0.000
2596,2.193
2597,1.465
2598,3.356
2599,0.000
2600,0.000
2601,0.000
2602,2.251
2603,1.513
2604,0.000
2605,3.647
2606,3.928
2607,2.665
2608,0.987
2609,1.783
2610,2.556
2611,3.717
2612,0.479
2613,0.000
2614,2.236
2615,2.500
2616,0.000
2617,1.357
2618,2.250
2619,2.183
2620,2.936
2621,3.306
2622,4.322
2623,0.931
2624,2.461
2625,5.755
2626,3.297
2627,0.901
2628,0.000
2629,3.586
2630,2.875
2631,2.645
2632,3.320
2633,3.487
2634,2.531
2635,0.000
2636,0.645
2637,2.513
2638,0.000
2639,2.404
2640,3.010
2641,0.000
2642,1.601
2643,3.402
2644,0.993
2645,3.183
2646,4.301
2647,2.126
2648,2.880
2649,2.189
2650,2.130
2651,1.521
2652,0.000
2653,6.175
2654,3.473
2655,0.000
2656,0.000
2657,0.000
2658,2.574
2659,0.000
2660,0.000
2661,0.000
2662,2.589
2663,1.346
2664,1.768
2665,2.825
2666,0.000
2667,2.361
2668,1.677
2669,0.000
2670,0.000
2671,0.000
2672,2.183
2673,0.000
2674,0.000
2675,0.000
2676,1.591
2677,1.803
2678,2.418
2679,1.958
2680,1.508
2681,3.703
2682,4.149
2683,2.846
2684,0.000
2685,0.000
2686,1.449
2687,2.016
2688,0.000
2689,1.513
2690,2.878
2691,0.000
2692,0.000
2693,1.961
2694,2.064
2695,1.031
2696,2.639
2697,3.993
2698,0.000
2699,0.000
2700,2.341
2701,0.000
2702,2.554
2703,3.095
2704,1.436
2705,0.000
2706,2.138
2707,1.132
2708,1.789
2709,0.000
2710,4.408
2711,1.307
2712,0.000
2713,1.992
2714,3.915
2715,2.240
2716,3.536
2717,1.521
2718,0.000
2719,0.000
2720,0.000
2721,5.668
2722,0.000
2723,2.518
2724,0.000
2725,0.000
2726,0.000
2727,0.901
2728,0.000
2729,0.000
2730,2.663
2731,2.319
2732,2.760
2733,1.957
2734,0.000
2735,1.923
2736,0.000
2737,0.000
2738,3.056
2739,3.400
2740,0.000
2741,0.000
2742,0.000
2743,0.000
2744,0.000
2745,0.000
2746,0.000
2747,0.000
2748,0.000
2749,0.929
2750,0.000
2751,2.574
2752,0.000
2753,1.805
2754,4.233
2755,1.677
2756,0.000
2757,0.000
2758,0.000
2759,1.070
2760,0.000
2761,0.000
2762,2.580
2763,0.000
2764,0.000
2765,0.000
2766,0.000
2767,0.000
2768,0.000
2769,3.974
2770,0.000
2771,0.000
2772,0.000
2773,0.000
2774,0.000
2775,0.000
2776,2.170
2777,0.000
2778,0.000
2779,0.000
2780,5.523
2781,4.562
2782,0.000
2783,0.000
2784,0.000
2785,0.000
2786,0.000
2787,0.000
2788,3.400
2789,0.000
2790,0.000
2791,2.550
2792,0.000
2793,0.000
2794,0.000
2795,5.148
2796,0.000
2797,0.000
2798,0.000
2799,0.000
2800,0.000
2801,0.000
2802,0.000
2803,0.000
2804,0.000
2805,0.000
2806,0.000
2807,0.000
2808,0.000
2809,0.000
2810,0.000
2811,0.000
2812,0.000
2813,0.000
2814,0.000
2815,0.000
2816,0.000
2817,0.000
2818,0.000
2819,0.000
2820,0.000
2821,0.000
2822,1.686
2823,4.099
2824,1.626
2825,0.000
2826,3.579
2827,0.000
2828,0.000
2829,0.000
2830,2.364
2831,3.251
2832,3.644
2833,0.000
2834,2.791
2835,2.587
2836,0.000
2837,6.210
2838,0.000
2839,4.257
2840,1.969
2841,0.000
2842,0.000
2843,0.000
2844,0.000
2845,1.375
2846,3.486
2847,0.000
2848,4.307
2849,1.661
2850,2.358
2851,0.000
2852,1.427
2853,2.283
2854,1.490
2855,2.894
2856,1.989
2857,1.422
2858,1.597
2859,2.625
2860,0.000
2861,1.020
2862,3.202
2863,0.000
2864,2.795
2865,3.626
2866,1.942
2867,3.038
2868,1.114
2869,0.522
2870,3.770
2871,4.151
2872,1.782
2873,0.791
2874,2.563
2875,2.512
2876,2.073
2877,0.000
2878,2.318
2879,2.068
2880,1.610
2881,1.985
2882,2.865
2883,1.717
2884,0.550
2885,1.196
2886,0.000
2887,4.325
2888,1.903
2889,0.000
2890,0.444
2891,3.550
2892,2.048
2893,0.000
2894,0.000
2895,3.331
2896,2.597
2897,1.694
2898,1.285
2899,0.000
2900,0.000
2901,2.445
2902,5.236
2903,5.267
2904,0.000
2905,1.730
2906,2.694
2907,3.008
2908,0.000
2909,2.558
2910,2.144
2911,1.436
2912,2.102
2913,0.000
2914,0.000
2915,2.693
2916,0.000
2917,5.385
2918,2.968
2919,3.260
2920,0.000
2921,0.000
2922,2.283
2923,0.000
2924,1.080
2925,1.189
2926,3.063
2927,1.525
2928,0.000
2929,1.321
2930,2.704
2931,1.721
2932,2.345
2933,0.000
2934,2.347
2935,0.000
2936,0.000
2937,0.000
2938,4.593
2939,2.461
2940,2.556
2941,2.330
2942,2.716
2943,3.961
2944,0.000
2945,0.000
2946,1.234
2947,0.000
2948,0.243
2949,1.521
2950,0.867
2951,0.936
2952,3.445
2953,1.360
2954,1.964
2955,1.090
2956,0.000
2957,1.405
2958,2.489
2959,1.540
2960,2.081
2961,2.307
2962,1.985
2963,1.670
2964,2.595
2965,1.569
2966,2.388
2967,1.772
2968,0.000
2969,1.600
2970,2.909
2971,1.234
2972,0.000
2973,0.602
2974,1.396
2975,2.006
2976,1.020
2977,0.000
2978,2.209
2979,2.292
2980,1.299
2981,0.000
2982,0.383
2983,0.000
2984,2.661
2985,0.000
2986,2.082
2987,1.695
2988,1.466
2989,0.000
2990,0.000
2991,3.913
2992,2.658
2993,2.761
2994,3.132
2995,1.981
2996,1.803
2997,1.571
2998,0.000
2999,4.328
3000,1.768
3001,4.177
3002,5.099
3003,2.658
3004,0.000
3005,2.897
3006,0.000
3007,2.250
3008,2.601
3009,2.462
3010,0.559
3011,5.551
3012,2.718
3013,4.472
3014,2.364
3015,3.209
3016,2.619
3017,4.750
3018,2.734
3019,4.005
3020,0.780
3021,1.275
3022,2.236
3023,2.136
3024,2.327
3025,2.826
3026,1.275
3027,2.305
3028,0.000
3029,3.939
3030,1.762
3031,2.644
3032,2.885
3033,4.190
3034,1.750
3035,1.664
3036,1.837
3037,4.589
3038,1.939
3039,2.658
3040,2.441
3041,2.827
3042,0.000
3043,0.000
3044,0.000
3045,4.803
3046,0.000
3047,4.635
3048,0.791
3049,3.750
3050,3.615
3051,3.463
3052,3.072
3053,2.969
3054,3.385
3055,0.000
3056,1.226
3057,0.000
3058,4.264
3059,3.153
3060,2.236
3061,3.552
3062,2.587
3063,3.528
3064,2.774
3065,2.644
3066,0.000
3067,2.379
3068,4.510
3069,0.500
3070,1.662
3071,1.457
3072,0.000
3073,0.000
3074,0.000
3075,0.000
3076,0.000
3077,3.180
3078,0.000
3079,0.000
3080,0.000
3081,0.000
3082,0.354
3083,0.993
3084,2.770
3085,1.659
3086,1.584
3087,0.000
3088,1.446
3089,3.423
3090,2.414
3091,0.000
3092,5.269
3093,1.699
3094,3.084
3095,0.000
3096,0.000
3097,0.000
3098,4.809
3099,3.938
3100,2.301
3101,1.465
3102,1.820
3103,0.791
3104,0.000
3105,1.061
3106,0.000
3107,3.241
3108,1.803
3109,2.466
3110,3.729
3111,3.629
3112,2.019
3113,2.344
3114,1.633
3115,0.000
3116,0.000
3117,3.672
3118,4.366
3119,4.070
3120,1.000
3121,0.000
3122,1.983
3123,0.000
3124,0.000
3125,0.000
3126,0.000
3127,3.266
3128,4.150
3129,0.000
3130,3.014
3131,0.000
3132,0.000
3133,0.000
3134,0.000
3135,0.000
3136,0.000
3137,0.000
3138,0.000
3139,0.000
3140,0.000
3141,0.000
3142,0.000
3143,2.833
3144,2.861
3145,0.000
3146,1.829
3147,1.275
3148,2.128
3149,1.820
3150,0.000
3151,3.636
3152,4.698
3153,3.356
3154,2.477
3155,1.110
3156,4.322
3157,4.776
3158,2.014
3159,0.000
3160,2.031
3161,1.861
3162,1.236
3163,3.541
3164,3.336
3165,1.760
3166,2.439
3167,1.581
3168,0.874
3169,1.517
3170,2.875
3171,0.000
3172,2.796
3173,1.622
3174,0.000
3175,0.922
3176,2.133
3177,2.265
3178,2.846
3179,1.750
3180,2.774
3181,2.305
3182,2.675
3183,3.160
3184,0.596
3185,0.000
3186,5.900
3187,1.041
3188,3.095
3189,3.437
3190,5.040
3191,1.597
3192,2.850
3193,2.505
3194,0.000
3195,2.302
3196,2.750
3197,0.000
3198,2.559
3199,2.331
3200,2.551
3201,2.593
3202,2.604
3203,2.604
3204,0.000
3205,0.000
3206,0.000
3207,1.325
3208,0.000
3209,2.795
3210,1.250
3211,2.894
3212,2.824
3213,0.899
3214,0.000
3215,0.000
3216,2.136
3217,2.701
3218,0.000
3219,0.000
3220,0.000
3221,0.000
3222,3.123
3223,1.250
3224,0.000
3225,0.000
3226,1.067
3227,1.596
3228,1.862
3229,2.356
3230,2.305
3231,3.622
3232,3.097
3233,3.481
3234,4.474
3235,0.000
3236,0.000
3237,2.024
3238,1.752
3239,1.899
3240,0.000
3241,0.000
3242,0.000
3243,2.574
3244,0.000
3245,2.359
3246,0.000
3247,0.000
3248,2.326
3249,0.354
3250,0.000
3251,0.000
3252,0.294
3253,3.393
3254,0.000
3255,3.860
3256,0.000
3257,1.166
3258,0.000
3259,3.092
3260,0.873
3261,0.493
3262,1.359
3263,0.766
3264,0.000
3265,0.000
3266,1.459
3267,0.000
3268,1.127
3269,2.372
3270,0.000
3271,1.458
3272,0.000
3273,0.000
3274,2.475
3275,2.083
3276,1.360
3277,1.818
3278,3.016
3279,1.849
3280,1.048
3281,1.840
3282,0.000
3283,4.033
3284,0.000
3285,1.357
3286,0.737
3287,2.828
3288,0.000
3289,1.653
3290,3.783
3291,5.471
3292,0.000
3293,0.000
3294,0.000
3295,2.165
3296,0.000
3297,0.000
3298,3.010
3299,0.000
3300,2.828
3301,3.335
3302,1.575
3303,0.000
3304,1.578
3305,1.428
3306,3.711
3307,3.518
3308,3.659
3309,4.369
3310,0.000
3311,2.790
3312,2.180
3313,4.500
3314,2.202
3315,0.000
3316,2.066
3317,2.321
3318,3.671
3319,2.135
3320,0.000
3321,2.431
3322,1.726
3323,4.451
3324,2.915
3325,0.000
3326,0.000
3327,0.000
3328,2.667
3329,2.992
3330,3.453
3331,1.013
3332,3.375
3333,0.000
3334,0.000
3335,3.400
3336,2.984
3337,3.717
3338,1.820
3339,0.000
3340,0.000
3341,2.105
3342,5.105
3343,2.856
3344,0.000
3345,0.000
3346,1.414
3347,2.843
3348,1.189
3349,0.000
3350,0.000
3351,4.673
3352,2.848
3353,3.579
3354,2.305
3355,0.000
3356,0.000
3357,2.500
3358,4.120
3359,0.000
3360,0.000
3361,2.475
3362,0.000
3363,0.000
3364,3.087
3365,0.000
3366,4.809
3367,0.000
3368,0.000
3369,0.000
3370,2.466
3371,0.000
3372,0.000
3373,0.000
3374,0.000
3375,3.359
3376,0.000
3377,0.000
3378,4.507
3379,0.000
3380,0.000
3381,6.374
3382,2.541
3383,0.000
3384,0.000
3385,2.915
3386,0.000
3387,2.136
3388,0.000
3389,0.000
3390,0.000
3391,1.061
3392,0.000
3393,1.486
3394,0.614
3395,0.000
3396,0.000
3397,0.000
3398,0.000
3399,0.000
3400,0.000
3401,0.000
3402,0.000
3403,0.000
3404,2.578
3405,0.000
3406,0.000
3407,1.443
3408,2.420
3409,0.000
3410,0.000
3411,3.538
3412,1.684
3413,4.924
3414,2.694
3415,1.547
3416,1.007
3417,1.250
3418,4.222
3419,3.171
3420,1.812
3421,1.797
3422,1.713
3423,0.000
3424,0.000
3425,2.603
3426,0.000
3427,3.816
3428,0.000
3429,1.933
3430,2.105
3431,0.000
3432,0.000
3433,0.000
3434,2.136
3435,0.000
3436,2.336
3437,4.341
3438,3.293
3439,1.284
3440,1.657
3441,2.594
3442,0.857
3443,2.100
3444,4.925
3445,6.445
3446,0.000
3447,1.585
3448,1.627
3449,0.000
3450,0.000
3451,2.840
3452,2.795
3453,1.891
3454,0.000
3455,1.513
3456,1.306
3457,0.000
3458,0.642
3459,2.901
3460,3.010
3461,2.767
3462,2.942
3463,1.987
3464,2.019
3465,3.564
3466,0.000
3467,2.050
3468,1.807
3469,2.367
3470,0.000
3471,4.463
3472,3.219
3473,1.601
3474,1.674
3475,2.378
3476,1.033
3477,0.000
3478,2.142
3479,0.000
3480,1.560
3481,0.000
3482,1.427
3483,1.620
3484,1.296
3485,1.981
3486,0.814
3487,1.912
3488,2.114
3489,1.812
3490,2.524
3491,0.615
3492,0.944
3493,2.086
3494,1.346
3495,0.583
3496,1.939
3497,2.792
3498,2.693
3499,1.250
3500,2.462
3501,1.157
3502,1.517
3503,0.000
3504,0.000
3505,2.191
3506,0.000
3507,0.000
3508,1.258
3509,3.091
3510,5.344
3511,0.000
3512,2.610
3513,0.000
3514,1.300
3515,5.757
3516,0.955
3517,1.800
3518,0.000
3519,2.574
3520,3.473
3521,2.475
3522,1.532
3523,0.000
3524,4.117
3525,0.000
3526,0.000
3527,2.004
3528,2.850
3529,2.610
3530,0.000
3531,4.394
3532,2.050
3533,2.459
3534,2.256
3535,2.005
3536,2.813
3537,0.000
3538,2.456
3539,2.574
3540,2.539
3541,0.726
3542,4.179
3543,1.538
3544,3.531
3545,1.469
3546,3.312
3547,2.307
3548,0.000
3549,2.441
3550,0.000
3551,2.136
3552,2.487
3553,0.000
3554,4.161
3555,0.000
3556,3.162
3557,1.581
3558,1.319
3559,2.850
3560,0.000
3561,0.000
3562,1.237
3563,5.256
3564,1.291
3565,0.000
3566,0.000
3567,0.000
3568,0.000
3569,0.000
3570,0.000
3571,0.000
3572,3.719
3573,0.000
3574,6.374
3575,0.000
3576,0.000
3577,2.764
3578,0.000
3579,1.948
3580,1.517
3581,2.348
3582,2.549
3583,0.000
3584,0.000
3585,0.000
3586,0.000
3587,3.322
3588,2.797
3589,2.953
3590,0.000
3591,0.000
3592,0.000
3593,1.160
3594,2.536
3595,0.000
3596,0.000
3597,0.000
3598,2.676
3599,0.000
3600,2.041
3601,4.161
3602,2.500
3603,2.469
3604,0.750
3605,2.426
3606,2.761
3607,5.062
3608,3.698
3609,5.000
3610,4.425
3611,0.000
3612,4.366
3613,3.064
3614,0.000
3615,0.000
3616,0.000
3617,0.000
3618,3.750
3619,1.275
3620,0.000
3621,0.000
3622,0.000
3623,0.000
3624,0.000
3625,3.370
3626,0.000
3627,0.000
3628,0.000
3629,0.000
3630,0.000
3631,0.000
3632,0.000
3633,0.000
3634,0.000
3635,0.000
3636,0.000
3637,0.000
3638,0.000
3639,0.000
3640,0.000
3641,0.000
3642,0.000
3643,0.000
3644,0.000
3645,0.000
3646,0.000
3647,0.000
3648,0.000
3649,0.000
3650,0.000
3651,0.000
3652,0.000
3653,0.000
3654,0.000
3655,0.000
3656,0.000
3657,0.000
3658,0.000
3659,4.717
3660,3.691
3661,0.000
3662,0.000
3663,0.000
3664,0.000
3665,0.000
3666,1.545
3667,0.000
3668,2.130
3669,1.459
3670,2.994
3671,1.997
3672,0.000
3673,2.309
3674,1.566
3675,1.351
3676,0.000
3677,1.143
3678,1.947
3679,2.041
3680,3.134
3681,2.113
3682,0.000
3683,1.332
3684,3.834
3685,2.141
3686,2.272
3687,2.751
3688,0.000
3689,0.000
3690,2.488
3691,2.866
3692,2.159
3693,3.254
3694,1.918
3695,3.246
3696,0.992
3697,0.000
3698,1.259
3699,0.000
3700,0.000
3701,2.736
3702,0.000
3703,1.801
3704,3.260
3705,0.672
3706,0.000
3707,1.250
3708,3.118
3709,1.030
3710,0.000
3711,0.000
3712,0.000
3713,2.091
3714,1.521
3715,2.041
3716,1.414
3717,1.445
3718,1.969
3719,2.047
3720,2.842
3721,1.354
3722,1.453
3723,1.218
3724,0.000
3725,0.852
3726,0.650
3727,2.316
3728,5.520
3729,2.191
3730,0.000
3731,0.000
3732,0.688
3733,1.441
3734,1.552
3735,1.103
3736,1.888
3737,2.144
3738,0.786
3739,1.216
3740,0.559
3741,1.521
3742,4.063
3743,0.000
3744,1.909
3745,0.000
3746,2.793
3747,2.088
3748,0.000
3749,0.000
3750,1.970
3751,2.589
3752,2.650
3753,1.215
3754,3.014
3755,0.000
3756,3.412
3757,3.087
3758,3.717
3759,1.350
3760,4.373
3761,0.000
3762,0.000
3763,0.000
3764,2.660
3765,4.048
3766,0.000
3767,0.000
3768,0.000
3769,0.250
3770,0.000
3771,2.994
3772,2.523
3773,0.000
3774,1.029
3775,0.901
3776,0.000
3777,1.502
3778,1.363
3779,0.000
3780,0.000
3781,0.791
3782,0.000
3783,2.769
3784,2.160
3785,0.000
3786,0.000
3787,4.004
3788,4.393
3789,0.000
3790,0.000
3791,0.000
3792,2.126
3793,0.000
3794,0.000
3795,1.173
3796,0.000
3797,0.000
3798,0.000
3799,2.255
3800,2.878
3801,2.894
3802,2.871
3803,1.417
3804,2.933
3805,0.000
3806,2.500
3807,3.080
3808,3.532
3809,0.000
3810,0.000
3811,0.000
3812,0.000
3813,4.070
3814,0.000
3815,2.693
3816,0.000
3817,3.312
3818,0.000
3819,0.000
3820,0.000
3821,0.000
3822,0.000
3823,4.113
3824,2.427
3825,0.000
3826,0.000
3827,3.802
3828,0.000
3829,0.000
3830,0.000
3831,0.000
3832,0.000
3833,0.000
3834,0.000
3835,0.000
3836,2.846
3837,0.000
3838,2.314
3839,0.000
3840,0.000
3841,2.236
3842,0.000
3843,0.000
3844,0.000
3845,3.039
3846,0.000
3847,0.000
3848,0.000
3849,2.372
3850,0.000
3851,0.000
3852,0.000
3853,0.000
3854,0.000
3855,0.000
3856,0.000
3857,0.000
3858,0.000
3859,0.000
3860,0.000
3861,0.000
3862,0.000
3863,0.000
3864,0.000
3865,0.000
3866,0.000
3867,0.000
3868,0.000
3869,0.000
3870,0.000
3871,0.000
3872,0.000
3873,2.073
3874,2.239
3875,2.023
3876,3.736
3877,0.000
3878,0.000
3879,1.313
3880,0.000
3881,1.993
3882,2.125
3883,1.688
3884,2.763
3885,3.366
3886,1.118
3887,3.118
3888,2.305
3889,1.313
3890,0.000
3891,3.037
3892,0.000
3893,1.807
3894,1.720
3895,0.585
3896,3.253
3897,2.915
3898,0.000
3899,0.000
3900,1.886
3901,0.000
3902,0.000
3903,0.000
3904,0.830
3905,0.000
3906,0.405
3907,0.000
3908,3.025
3909,0.000
3910,1.725
3911,3.123
3912,2.060
3913,2.299
3914,0.000
3915,3.884
3916,0.000
3917,0.000
3918,1.112
3919,0.000
3920,0.426
3921,0.000
3922,0.000
3923,2.406
3924,0.000
3925,2.400
3926,0.000
3927,2.107
3928,2.761
3929,0.852
3930,0.000
3931,0.477
3932,0.000
3933,0.000
3934,0.000
3935,0.000
3936,1.513
3937,2.139
3938,0.000
3939,0.000
3940,0.647
3941,4.803
3942,3.707
3943,2.169
3944,2.540
3945,0.000
3946,0.000
3947,0.000
3948,2.135
3949,0.639
3950,2.055
3951,4.031
3952,0.000
3953,0.283
3954,0.000
3955,0.000
3956,0.000
3957,1.258
3958,0.000
3959,0.000
3960,0.000
3961,2.725
3962,0.000
3963,2.703
3964,1.029
3965,1.217
3966,0.805
3967,1.703
3968,1.416
3969,1.726
3970,1.219
3971,0.000
3972,0.000
3973,1.865
3974,0.854
3975,1.100
3976,0.000
3977,0.000
3978,1.629
3979,0.000
3980,0.909
3981,0.000
3982,2.329
3983,0.000
3984,0.000
3985,0.000
3986,0.000
3987,0.000
3988,2.935
3989,0.000
3990,0.000
3991,0.000
3992,0.000
3993,0.000
3994,1.868
3995,0.000
3996,0.000
3997,0.000
3998,0.000
3999,0.000
4000,0.000
4001,0.000
4002,1.107
4003,0.000
4004,3.337
4005,1.360
4006,3.400
4007,5.142
4008,1.955
4009,0.000
4010,2.836
4011,2.428
4012,2.100
4013,0.000
4014,0.000
4015,0.000
4016,2.254
4017,0.000
4018,1.330
4019,1.740
4020,1.766
4021,4.748
4022,2.950
4023,3.792
4024,3.204
4025,3.780
4026,4.106
4027,2.361
4028,0.000
4029,0.000
4030,1.581
4031,2.947
4032,1.733
4033,2.306
4034,2.551
4035,2.510
4036,2.462
4037,3.754
4038,0.000
4039,0.000
4040,2.308
4041,2.613
4042,3.361
4043,2.966
4044,2.094
4045,2.565
4046,6.042
4047,2.688
4048,3.006
4049,2.462
4050,3.913
4051,2.977
4052,3.572
4053,1.669
4054,3.943
4055,5.478
4056,0.000
4057,2.425
4058,0.949
4059,3.163
4060,0.000
4061,0.000
4062,1.182
4063,1.899
4064,2.632
4065,1.181
4066,0.000
4067,5.772
4068,0.000
4069,0.000
4070,2.604
4071,2.313
4072,5.062
4073,0.000
4074,1.576
4075,0.000
4076,1.190
4077,4.401
4078,0.000
4079,1.910
4080,3.135
4081,0.000
4082,0.000
4083,4.058
4084,2.592
4085,2.825
4086,2.500
4087,1.666
4088,0.000
4089,0.000
4090,0.000
4091,0.000
4092,1.332
4093,0.000
4094,0.977
4095,2.502
4096,0.000
4097,0.000
4098,5.056
4099,3.946
4100,0.000
4101,1.375
4102,0.000
4103,5.297
4104,2.126
4105,2.974
4106,2.497
4107,2.341
4108,0.000
4109,3.707
4110,1.362
4111,0.000
4112,0.000
4113,0.000
4114,4.229
4115,3.477
4116,0.000
4117,0.000
4118,0.000
4119,0.000
4120,4.064
4121,3.717
4122,0.000
4123,0.000
4124,0.000
4125,0.000
4126,0.000
4127,4.366
4128,3.518
4129,0.000
4130,0.000
4131,0.000
4132,0.000
4133,0.000
4134,0.000
4135,0.000
4136,0.000
4137,0.000
4138,0.000
4139,0.000
4140,3.132
4141,0.000
4142,0.000
4143,0.000
4144,0.000
4145,0.000
4146,0.000
4147,0.000
4148,0.000
4149,0.000
4150,0.000
4151,0.000
4152,0.000
4153,1.401
4154,2.472
4155,0.000
4156,2.686
4157,1.258
4158,2.458
4159,0.000
4160,0.000
4161,1.351
4162,2.358
4163,1.353
4164,1.680
4165,3.347
4166,1.602
4167,1.676
4168,3.458
4169,0.000
4170,2.293
4171,2.145
4172,2.061
4173,1.953
4174,3.017
4175,1.414
4176,2.619
4177,0.000
4178,1.839
4179,2.084
4180,3.442
4181,0.000
4182,0.000
4183,0.000
4184,0.000
4185,0.000
4186,0.000
4187,3.691
4188,0.000
4189,2.462
4190,0.000
4191,1.677
4192,2.298
4193,5.640
4194,4.472
4195,0.000
4196,1.128
4197,0.000
4198,0.000
4199,3.640
4200,1.171
4201,0.000
4202,0.000
4203,0.000
4204,1.402
4205,0.000
4206,2.792
4207,1.716
4208,2.610
4209,0.691
4210,1.169
4211,1.521
4212,0.000
4213,2.325
4214,2.016
4215,1.847
4216,0.000
4217,1.496
4218,0.000
4219,0.000
4220,0.000
4221,0.000
4222,0.000
4223,0.000
4224,0.000
4225,4.031
4226,1.155
4227,1.559
4228,1.760
4229,0.000
4230,0.758
4231,1.812
4232,1.250
4233,0.000
4234,2.021
4235,0.000
4236,0.763
4237,0.740
4238,1.165
4239,0.302
4240,0.000
4241,0.000
4242,1.420
4243,3.884
4244,2.057
4245,0.000
4246,2.143
4247,3.756
4248,2.217
4249,0.000
4250,3.072
4251,2.221
4252,0.000
4253,1.528
4254,1.633
4255,0.000
4256,0.000
4257,0.000
4258,0.702
4259,0.000
4260,0.000
4261,2.802
4262,2.537
4263,1.709
4264,0.000
4265,3.062
4266,0.000
4267,0.000
4268,0.000
4269,1.163
4270,3.140
4271,0.000
4272,1.635
4273,3.890
4274,2.661
4275,2.850
4276,2.721
4277,4.484
4278,2.836
4279,1.244
4280,2.865
4281,0.000
4282,2.860
4283,2.418
4284,2.407
4285,3.704
4286,2.622
4287,2.874
4288,2.837
4289,3.094
4290,1.250
4291,2.450
4292,2.105
4293,2.352
4294,1.550
4295,1.703
4296,2.107
4297,1.821
4298,2.548
4299,0.000
4300,1.795
4301,2.626
4302,0.840
4303,1.976
4304,0.000
4305,0.000
4306,0.000
4307,4.091
4308,2.164
4309,2.541
4310,1.454
4311,0.000
4312,0.000
4313,2.523
4314,2.750
4315,0.000
4316,0.865
4317,2.280
4318,0.000
4319,3.010
4320,1.821
4321,1.291
4322,4.707
4323,0.000
4324,1.557
4325,1.319
4326,1.509
4327,1.817
4328,2.447
4329,1.622
4330,2.764
4331,0.000
4332,0.500
4333,0.901
4334,1.530
4335,4.937
4336,2.668
4337,0.535
4338,0.000
4339,2.132
4340,0.000
4341,1.165
4342,0.000
4343,0.000
4344,0.000
4345,5.256
4346,2.125
4347,0.000
4348,0.692
4349,5.220
4350,0.000
4351,0.000
4352,0.000
4353,0.000
4354,4.102
4355,1.535
4356,2.850
4357,0.000
4358,3.723
4359,2.416
4360,0.000
4361,0.000
4362,4.481
4363,0.000
4364,0.000
4365,0.000
4366,5.169
4367,0.000
4368,4.786
4369,0.000
4370,0.000
4371,0.000
4372,0.000
4373,0.000
4374,3.372
4375,0.000
4376,0.000
4377,0.000
4378,0.000
4379,0.000
4380,2.151
4381,4.944
4382,0.000
4383,0.000
4384,0.000
4385,0.000
4386,2.885
4387,0.000
4388,0.000
4389,0.000
4390,1.803
4391,0.000
4392,0.000
4393,0.000
4394,0.000
4395,0.000
4396,0.000
4397,0.000
4398,0.000
4399,0.000
4400,0.000
4401,0.000
4402,0.000
4403,0.000
4404,0.000
4405,0.000
4406,0.000
4407,0.000
4408,0.000
4409,4.173
4410,3.883
4411,2.411
4412,0.000
4413,0.000
4414,4.757
4415,0.000
4416,2.427
4417,0.000
4418,0.000
4419,0.000
4420,2.381
4421,0.000
4422,2.070
4423,3.516
4424,3.979
4425,1.455
4426,1.080
4427,3.110
4428,1.565
4429,0.408
4430,1.413
4431,5.640
4432,2.063
4433,3.717
4434,0.000
4435,0.773
4436,0.000
4437,0.000
4438,0.000
4439,0.000
4440,1.804
4441,1.243
4442,1.684
4443,0.000
4444,0.000
4445,0.000
4446,2.398
4447,2.050
4448,0.000
4449,2.125
4450,0.707
4451,0.354
4452,0.000
4453,0.000
4454,0.000
4455,0.000
4456,1.277
4457,0.000
4458,0.000
4459,1.207
4460,0.000
4461,1.094
4462,1.775
4463,0.000
4464,0.000
4465,2.016
4466,1.256
4467,0.000
4468,1.220
4469,0.791
4470,0.000
4471,3.816
4472,1.756
4473,1.237
4474,1.116
4475,1.997
4476,0.000
4477,1.792
4478,1.336
4479,0.000
4480,2.915
4481,0.000
4482,2.926
4483,4.138
4484,1.915
4485,1.820
4486,1.793
4487,0.675
4488,1.595
4489,0.555
4490,0.000
4491,1.603
4492,0.773
4493,1.393
4494,0.000
4495,0.000
4496,0.000
4497,3.278
4498,4.448
4499,1.830
4500,0.809
4501,1.091
4502,1.731
4503,1.078
4504,1.823
4505,1.124
4506,2.983
4507,2.530
4508,1.336
4509,1.829
4510,1.598
4511,0.461
4512,0.000
4513,0.000
4514,2.927
4515,0.000
4516,0.000
4517,2.797
4518,3.098
4519,0.000
4520,1.458
4521,2.882
4522,3.163
4523,0.000
4524,0.000
4525,0.000
4526,3.125
4527,2.062
4528,3.881
4529,1.218
4530,1.497
4531,1.654
4532,1.623
4533,2.337
4534,3.158
4535,0.000
4536,3.660
4537,2.532
4538,2.122
4539,2.073
4540,1.872
4541,3.511
4542,2.704
4543,1.768
4544,1.270
4545,3.881
4546,0.000
4547,3.140
4548,0.000
4549,2.657
4550,2.459
4551,1.284
4552,1.472
4553,5.500
4554,1.429
4555,0.000
4556,3.218
4557,1.854
4558,0.000
4559,4.250
4560,0.000
4561,0.000
4562,1.458
4563,0.000
4564,4.257
4565,0.000
4566,2.786
4567,0.000
4568,2.048
4569,2.792
4570,3.124
4571,0.000
4572,3.595
4573,0.000
4574,0.000
4575,1.282
4576,0.000
4577,0.000
4578,0.000
4579,0.000
4580,1.961
4581,2.727
4582,0.000
4583,0.000
4584,4.362
4585,3.059
4586,0.000
4587,2.585
4588,0.000
4589,0.000
4590,2.693
4591,5.831
4592,0.000
4593,2.236
4594,0.000
4595,3.457
4596,5.712
4597,2.309
4598,3.905
4599,0.000
4600,0.000
4601,0.000
4602,5.256
4603,1.833
4604,3.408
4605,0.000
4606,0.000
4607,0.000
4608,0.000
4609,3.688
4610,4.979
4611,0.000
4612,0.000
4613,4.918
4614,1.031
4615,0.000
4616,0.791
4617,4.620
4618,3.525
4619,4.507
4620,0.000
4621,2.850
4622,0.000
4623,3.976
4624,0.000
4625,0.000
4626,0.250
4627,0.000
4628,3.509
4629,0.000
4630,0.000
4631,0.000
4632,0.000
4633,0.000
4634,0.000
4635,4.507
4636,0.000
4637,0.000
4638,0.000
4639,0.000
4640,0.000
4641,0.000
4642,0.000
4643,0.000
4644,0.000
4645,0.000
4646,0.000
4647,0.000
4648,0.000
4649,0.000
4650,0.000
4651,0.000
4652,0.000
4653,0.000
4654,3.758
4655,0.000
4656,3.147
4657,2.750
4658,0.000
4659,1.500
4660,0.000
4661,0.000
4662,3.953
4663,0.000
4664,0.000
4665,3.983
4666,0.000
4667,0.000
4668,0.000
4669,1.425
4670,2.456
4671,1.487
4672,1.837
4673,0.000
4674,0.000
4675,0.000
4676,0.000
4677,1.510
4678,1.544
4679,2.386
4680,4.138
4681,1.413
4682,4.070
4683,1.552
4684,0.000
4685,0.000
4686,1.365
4687,2.208
4688,1.331
4689,2.063
4690,3.090
4691,3.288
4692,0.524
4693,0.000
4694,4.828
4695,3.553
4696,0.000
4697,1.998
4698,0.000
4699,0.000
4700,0.000
4701,2.861
4702,1.984
4703,2.996
4704,1.479
4705,1.985
4706,3.375
4707,2.264
4708,0.000
4709,0.000
4710,0.637
4711,0.000
4712,0.000
4713,5.062
4714,0.000
4715,0.000
4716,0.500
4717,1.433
4718,1.015
4719,3.162
4720,0.000
4721,2.112
4722,2.163
4723,1.702
4724,1.337
4725,0.000
4726,1.712
4727,0.000
4728,0.827
4729,0.000
4730,1.441
4731,0.000
4732,1.590
4733,0.767
4734,1.401
4735,0.250
4736,1.456
4737,0.485
4738,0.235
4739,1.227
4740,1.840
4741,1.980
4742,1.745
4743,1.061
4744,3.509
4745,0.000
4746,0.000
4747,0.000
4748,3.672
4749,0.890
4750,1.840
4751,2.372
4752,1.288
4753,2.241
4754,0.000
4755,1.767
4756,0.000
4757,1.843
4758,1.124
4759,2.212
4760,2.600
4761,1.903
4762,4.964
4763,2.372
4764,2.199
4765,0.000
4766,2.284
4767,1.985
4768,0.000
4769,2.801
4770,1.955
4771,0.000
4772,1.734
4773,2.168
4774,0.000
4775,0.000
4776,0.000
4777,5.352
4778,0.645
4779,1.839
4780,0.000
4781,2.270
4782,1.686
4783,0.804
4784,2.510
4785,0.000
4786,3.681
4787,0.559
4788,1.641
4789,3.925
4790,3.216
4791,0.000
4792,1.687
4793,0.000
4794,1.970
4795,0.000
4796,0.000
4797,0.000
4798,0.000
4799,1.733
4800,1.538
4801,2.466
4802,1.401
4803,2.360
4804,0.000
4805,0.000
4806,2.016
4807,4.610
4808,0.000
4809,0.000
4810,0.000
4811,0.000
4812,0.000
4813,0.000
4814,0.000
4815,1.942
4816,1.346
4817,2.053
4818,2.171
4819,0.000
4820,1.530
4821,2.265
4822,0.000
4823,0.000
4824,0.000
4825,0.000
4826,2.245
4827,0.000
4828,0.000
4829,2.844
4830,2.247
4831,3.339
4832,2.305
4833,3.373
4834,3.358
4835,0.000
4836,0.000
4837,2.350
4838,0.000
4839,0.000
4840,0.000
4841,0.000
4842,2.838
4843,0.000
4844,1.820
4845,4.031
4846,0.000
4847,3.760
4848,0.000
4849,0.000
4850,0.000
4851,0.000
4852,0.000
4853,0.000
4854,0.000
4855,0.000
4856,0.000
4857,3.731
4858,0.000
4859,0.000
4860,2.305
4861,0.000
4862,0.000
4863,0.000
4864,0.000
4865,1.750
4866,0.000
4867,0.000
4868,5.942
4869,4.507
4870,5.315
4871,3.905
4872,0.000
4873,0.000
4874,0.000
4875,0.000
4876,3.958
4877,0.000
4878,0.000
4879,0.000
4880,0.000
4881,0.000
4882,0.000
4883,0.000
4884,0.000
4885,0.000
4886,0.000
4887,0.000
4888,0.000
4889,0.000
4890,0.000
4891,0.000
4892,0.000
4893,0.000
4894,0.000
4895,4.507
4896,0.000
4897,0.000
4898,0.000
4899,0.000
4900,0.000
4901,0.000
4902,0.000
4903,0.000
4904,0.000
4905,0.000
4906,0.000
4907,0.000
4908,1.601
4909,1.803
4910,2.372
4911,1.275
4912,0.000
4913,0.000
4914,5.884
4915,6.755
4916,2.305
4917,1.546
4918,0.000
4919,0.000
4920,0.000
4921,2.583
4922,0.000
4923,0.000
4924,2.072
4925,0.000
4926,0.000
4927,0.000
4928,3.288
4929,0.000
4930,0.000
4931,0.000
4932,0.000
4933,2.036
4934,1.414
4935,0.989
4936,0.000
4937,0.000
4938,0.000
4939,0.000
4940,0.000
4941,2.298
4942,3.260
4943,0.000
4944,0.000
4945,0.000
4946,0.000
4947,1.937
4948,0.000
4949,0.000
4950,0.551
4951,0.000
4952,2.090
4953,0.000
4954,0.000
4955,0.000
4956,1.690
4957,1.497
4958,2.666
4959,1.908
4960,1.428
4961,0.574
4962,1.355
4963,1.346
4964,1.463
4965,0.000
4966,0.000
4967,0.000
4968,2.550
4969,2.628
4970,2.876
4971,1.208
4972,1.888
4973,0.000
4974,0.000
4975,0.000
4976,0.000
4977,0.000
4978,2.016
4979,0.000
4980,0.000
4981,2.978
4982,0.000
4983,2.673
4984,2.266
4985,1.220
4986,2.305
4987,2.704
4988,2.890
4989,2.103
4990,2.626
4991,1.820
4992,1.581
4993,2.136
4994,2.136
4995,2.938
4996,0.000
4997,0.000
4998,0.000
4999,0.000
5000,0.000
5001,3.040
5002,3.306
5003,4.507
5004,2.843
5005,1.435
5006,2.736
5007,1.102
5008,1.547
5009,0.000
5010,0.000
5011,0.000
5012,3.679
5013,3.383
5014,1.425
5015,3.636
5016,2.915
5017,3.442
5018,5.031
5019,0.000
5020,0.000
5021,0.000
5022,1.651
5023,1.496
5024,1.874
5025,2.992
5026,0.000
5027,6.364
5028,5.538
5029,0.000
5030,0.000
5031,3.549
5032,3.173
5033,4.670
5034,0.000
5035,0.000
5036,0.000
5037,0.000
5038,0.000
5039,6.047
5040,0.000
5041,3.337
5042,5.551
5043,2.087
5044,1.592
5045,3.006
5046,3.611
5047,0.000
5048,2.499
5049,5.256
5050,2.603
5051,4.008
5052,0.000
5053,2.862
5054,3.949
5055,4.054
5056,0.000
5057,4.499
5058,5.884
5059,4.179
5060,4.258
5061,4.640
5062,1.581
5063,0.000
5064,4.373
5065,3.695
5066,0.000
5067,0.000
5068,0.000
5069,0.000
5070,0.000
5071,0.000
5072,3.684
5073,0.000
5074,0.000
5075,0.000
5076,0.000
5077,0.000
5078,0.000
5079,0.000
5080,0.000
5081,0.000
5082,0.000
5083,0.000
5084,0.000
5085,0.000
5086,2.513
5087,1.259
5088,0.000
5089,2.874
5090,0.000
5091,0.000
5092,0.000
5093,0.000
5094,0.000
5095,1.015
5096,0.000
5097,1.118
5098,1.336
5099,1.592
5100,2.525
5101,2.253
5102,0.000
5103,0.000
5104,0.000
5105,0.000
5106,0.000
5107,2.702
5108,0.000
5109,0.000
5110,4.161
5111,0.000
5112,0.000
5113,0.000
5114,2.410
5115,0.000
5116,0.000
5117,0.000
5118,1.537
5119,0.000
5120,0.000
5121,0.000
5122,1.627
5123,0.000
5124,0.000
5125,1.848
5126,0.000
5127,1.818
5128,2.200
5129,0.000
5130,0.000
5131,1.139
5132,2.239
5133,1.929
5134,2.955
5135,2.851
5136,1.751
5137,2.636
5138,0.000
5139,0.000
5140,0.000
5141,0.000
5142,1.166
5143,0.000
5144,1.398
5145,0.000
5146,0.957
5147,1.883
5148,1.841
5149,0.000
5150,0.000
5151,0.000
5152,2.000
5153,1.500
5154,3.144
5155,0.000
5156,1.346
5157,2.131
5158,3.193
5159,0.000
5160,0.000
5161,0.000
5162,2.714
5163,1.485
5164,2.687
5165,2.151
5166,3.916
5167,0.000
5168,0.000
5169,3.162
5170,0.000
5171,2.290
5172,0.000
5173,3.127
5174,1.785
5175,0.000
5176,0.000
5177,0.000
5178,0.000
5179,2.246
5180,1.279
5181,3.523
5182,0.000
5183,0.750
5184,0.000
5185,0.000
5186,4.008
5187,1.868
5188,3.200
5189,0.000
5190,3.036
5191,5.368
5192,1.768
5193,0.000
5194,4.091
5195,0.000
5196,2.980
5197,2.519
5198,3.498
5199,0.000
5200,3.187
5201,3.355
5202,4.507
5203,3.033
5204,0.000
5205,4.478
5206,0.000
5207,0.000
5208,2.793
5209,0.000
5210,0.000
5211,0.000
5212,0.000
5213,3.905
5214,0.000
5215,0.000
5216,0.000
5217,0.000
5218,0.000
5219,0.000
5220,0.000
5221,0.000
5222,0.000
5223,0.000
5224,0.000
5225,0.000
5226,0.000
5227,0.000
5228,0.000
5229,0.000
5230,0.000
5231,0.000
5232,0.000
5233,1.250
5234,0.000
5235,0.000
5236,3.250
5237,0.000
5238,0.000
5239,1.368
5240,1.415
5241,1.900
5242,1.952
5243,0.000
5244,0.000
5245,1.181
5246,2.693
5247,0.000
5248,0.000
5249,2.795
5250,2.850
5251,1.953
5252,0.000
5253,0.353
5254,0.368
5255,0.530
5256,1.105
5257,2.693
5258,1.346
5259,1.154
5260,2.092
5261,0.437
5262,2.628
5263,2.448
5264,0.000
5265,3.301
5266,1.876
5267,0.000
5268,1.601
5269,1.601
5270,1.187
5271,2.236
5272,0.000
5273,2.305
5274,2.348
5275,2.845
5276,2.621
5277,0.000
5278,1.470
5279,0.000
5280,6.021
5281,3.379
5282,0.559
5283,0.000
5284,2.074
5285,2.983
5286,1.239
5287,1.142
5288,2.141
5289,0.908
5290,2.821
5291,0.945
5292,3.226
5293,3.750
5294,4.757
5295,0.000
5296,0.000
5297,0.000
5298,2.866
5299,2.016
5300,0.000
5301,3.260
5302,1.768
5303,0.000
5304,0.000
5305,0.000
5306,1.521
5307,2.047
5308,2.065
5309,0.000
5310,0.000
5311,1.102
5312,0.302
5313,0.603
5314,0.000
5315,0.000
5316,0.000
5317,3.226
5318,0.917
5319,0.000
5320,2.767
5321,3.023
5322,1.705
5323,0.000
5324,1.250
5325,1.639
5326,0.000
5327,1.295
5328,0.000
5329,1.768
5330,1.967
5331,0.530
5332,0.000
5333,4.750
5334,3.691
5335,2.062
5336,4.250
5337,0.000
5338,0.000
5339,3.242
5340,0.000
5341,0.000
5342,3.509
5343,0.000
5344,0.000
5345,3.758
5346,0.000
5347,0.000
5348,2.500
5349,0.000
5350,2.658
5351,1.818
5352,3.579
5353,3.250
5354,5.213
5355,3.702
5356,3.400
5357,0.000
5358,0.000
5359,3.532
5360,6.542
5361,6.797
5362,0.000
5363,3.915
5364,4.057
5365,0.000
5366,0.000
5367,3.653
5368,0.000
5369,0.000
5370,0.000
5371,4.839
5372,0.000
5373,0.000
5374,4.750
5375,0.000
5376,0.000
5377,0.000
5378,0.000
5379,0.000
5380,0.000
5381,0.000
5382,5.439
5383,0.000
5384,0.000
5385,1.737
5386,0.000
5387,0.000
5388,0.000
5389,0.000
5390,0.000
5391,0.000
5392,0.000
5393,1.539
5394,0.000
5395,2.358
5396,0.000
5397,0.000
5398,1.346
5399,0.000
5400,0.000
5401,0.000
5402,1.768
5403,0.000
5404,1.904
5405,0.000
5406,0.000
5407,0.000
5408,2.069
5409,0.000
5410,0.559
5411,0.890
5412,0.890
5413,0.000
5414,0.500
5415,2.795
5416,2.219
5417,0.000
5418,5.831
5419,1.050
5420,1.125
5421,0.405
5422,1.675
5423,0.000
5424,0.000
5425,0.000
5426,1.581
5427,5.350
5428,1.509
5429,0.000
5430,1.601
5431,0.000
5432,0.000
5433,1.048
5434,0.000
5435,2.069
5436,0.901
5437,1.275
5438,0.000
5439,1.250
5440,0.000
5441,1.581
5442,0.000
5443,3.418
5444,0.000
5445,0.000
5446,0.000
5447,2.230
5448,1.956
5449,1.411
5450,1.275
5451,0.000
5452,1.881
5453,0.000
5454,2.705
5455,0.000
5456,0.500
5457,1.346
5458,5.483
5459,0.000
5460,0.000
5461,1.656
5462,0.000
5463,2.208
5464,0.000
5465,0.000
5466,3.260
5467,1.031
5468,0.655
5469,0.000
5470,0.302
5471,0.000
5472,0.000
5473,0.000
5474,0.000
5475,0.000
5476,0.000
5477,0.000
5478,1.068
5479,2.590
5480,0.000
5481,0.000
5482,3.608
5483,1.427
5484,0.000
5485,0.000
5486,0.000
5487,0.000
5488,4.033
5489,0.000
5490,0.000
5491,0.000
5492,2.289
5493,3.288
5494,0.000
5495,2.016
5496,2.388
5497,0.000
5498,3.052
5499,0.000
5500,0.000
5501,0.000
5502,4.023
5503,0.000
5504,0.000
5505,3.250
5506,0.000
5507,3.699
5508,0.000
5509,0.000
5510,0.000
5511,0.000
5512,0.000
5513,0.000
5514,0.000
5515,0.000
5516,0.000
5517,0.000
5518,6.408
5519,0.000
5520,0.000
5521,0.000
5522,0.000
5523,0.000
5524,0.000
5525,0.000
5526,0.000
5527,0.000
5528,0.000
5529,0.000
5530,0.000
5531,0.000
5532,4.364
5533,0.000
5534,6.010
5535,0.000
5536,0.000
5537,0.000
5538,0.000
5539,0.000
5540,1.820
5541,0.000
5542,2.828
5543,0.000
5544,0.000
5545,3.092
5546,0.000
5547,0.000
5548,0.750
5549,1.458
5550,0.000
5551,5.202
5552,0.000
5553,0.000
5554,0.000
5555,0.559
5556,4.366
5557,1.000
5558,1.031
5559,1.031
5560,2.693
5561,0.000
5562,3.092
5563,1.250
5564,0.000
5565,0.000
5566,0.000
5567,0.000
5568,3.536
5569,0.000
5570,0.000
5571,2.372
5572,0.000
5573,0.250
5574,1.346
5575,0.000
5576,0.000
5577,0.000
5578,0.000
5579,0.000
5580,0.000
5581,1.904
5582,0.000
5583,1.275
5584,0.000
5585,5.274
5586,0.000
5587,1.250
5588,0.000
5589,0.559
5590,0.000
5591,3.500
5592,0.000
5593,0.000
5594,0.000
5595,0.000
5596,4.500
5597,0.000
5598,0.000
5599,5.900
5600,0.000
5601,2.305
5602,0.000
5603,0.000
5604,0.000
5605,0.000
5606,0.000
5607,0.000
5608,0.000
5609,1.414
5610,0.000
5611,0.000
5612,0.000
5613,1.031
5614,0.000
5615,0.000
5616,0.000
5617,0.000
5618,1.118
5619,2.000
5620,4.828
5621,0.000
5622,0.000
5623,0.000
5624,0.000
5625,0.000
5626,0.000
5627,1.275
5628,1.031
5629,3.092
5630,0.000
5631,4.589
5632,0.000
5633,0.000
5634,0.000
5635,0.000
5636,0.000
5637,0.000
5638,0.000
5639,0.000
5640,6.329
5641,0.000
5642,0.559
5643,0.000
5644,5.315
5645,0.000
5646,1.458
5647,4.008
5648,0.000
5649,0.000
5650,0.000
5651,0.000
5652,0.000
5653,0.000
5654,0.000
5655,0.000
5656,0.000
5657,0.000
5658,0.000
5659,0.000
5660,0.000
5661,0.000
5662,0.000
5663,0.000
5664,0.000
5665,0.000
5666,0.000
5667,0.000
5668,0.000
5669,0.000
5670,0.000
5671,0.000
5672,0.000
5673,0.000
5674,0.000
5675,0.000
5676,0.000
5677,0.000
5678,0.000
5679,0.000
5680,0.000
5681,0.000
5682,0.000
5683,0.000
5684,0.000
5685,0.000
5686,0.000
5687,0.000
5688,0.000
5689,0.000
5690,0.000
5691,0.000
5692,0.000
5693,0.000
5694,0.000
5695,0.000
5696,0.000
5697,0.000
5698,0.000
5699,0.000
5700,0.000
5701,0.000
5702,0.000
5703,0.000
5704,0.000
5705,0.000
5706,0.000
5707,0.000
5708,0.000
5709,0.000
5710,0.000
5711,0.000
5712,0.000
5713,0.000
5714,0.000
5715,0.000
5716,0.000
5717,0.000
5718,0.000
5719,0.000
5720,0.000
5721,0.000
5722,0.000
5723,0.000
5724,0.000
5725,0.000
5726,0.000
5727,0.000
5728,0.000
5729,0.000
5730,0.000
5731,0.000
5732,0.000
5733,0.000
5734,0.000
5735,0.000
5736,0.000
5737,0.000
5738,0.000
5739,0.000
5740,0.000
5741,0.000
5742,0.000
5743,0.000
5744,0.000
5745,0.000
5746,0.000
5747,0.000
5748,0.000
5749,0.000
5750,0.000
5751,0.000
5752,0.000
5753,0.000
5754,0.000
5755,0.000
5756,0.000
5757,0.000
5758,0.000
5759,0.000
5760,0.000
5761,0.000
5762,0.000
5763,0.000
5764,0.000
5765,0.000
5766,0.000
5767,0.000
5768,0.000
5769,0.000
5770,0.000
5771,0.000
5772,0.000
5773,0.000
5774,0.000
5775,0.000
5776,0.000
5777,0.000
5778,0.000
5779,0.000
5780,0.000
5781,0.000
5782,0.000
5783,0.000
5784,0.000
5785,0.000
5786,0.000
5787,0.000
5788,0.000
5789,0.000
5790,0.000
5791,0.000
5792,0.000
5793,0.000
5794,0.000
5795,0.000
5796,0.000
5797,0.000
5798,0.000
5799,0.000
5800,0.000
5801,0.000
5802,0.000
5803,0.000
5804,0.000
5805,0.000
5806,0.000
5807,0.000
5808,0.000
5809,0.000
5810,0.000
5811,0.000
5812,0.000
5813,0.000
5814,0.000
5815,0.000
5816,0.000
5817,0.000
5818,0.000
5819,0.000
5820,0.000
5821,0.000
5822,0.000
5823,0.000
5824,0.000
5825,0.000
5826,0.000
5827,0.000
5828,0.000
5829,0.000
5830,0.000
5831,0.000
5832,0.000
5833,0.000
5834,0.000
5835,0.000
5836,0.000
5837,0.000
5838,0.000
5839,0.000
5840,0.000
5841,0.000
5842,0.000
5843,0.000
5844,0.000
5845,0.000
5846,0.000
5847,0.000
5848,0.000
5849,0.000
5850,0.000
5851,0.000
5852,0.000
5853,0.000
5854,0.000
5855,0.000
5856,0.000
5857,0.000
5858,0.000
5859,0.000
5860,0.000
5861,0.000
5862,0.000
5863,0.000
5864,0.000
5865,0.000
5866,0.000
5867,0.000
5868,0.000
5869,0.000
5870,0.000
5871,0.000
5872,0.000
5873,0.000
5874,0.000
5875,0.000
5876,0.000
5877,0.000
5878,0.000
5879,0.000
5880,0.000
5881,0.000
5882,0.000
5883,0.000
5884,0.000
5885,0.000
5886,0.000
5887,0.000
5888,0.000
5889,0.000
5890,0.000
5891,0.000
5892,0.000
5893,0.000
5894,0.000
5895,0.000
5896,0.000
5897,0.000
5898,0.000
5899,0.000
5900,0.000
5901,0.000
5902,0.000
5903,0.000
5904,0.000
5905,0.000
5906,0.000
5907,0.000
5908,0.000
5909,0.000
5910,0.000
5911,0.000
5912,0.000
5913,0.000
5914,0.000
5915,0.000
5916,0.000
5917,0.000
5918,0.000
5919,0.000
5920,0.000
5921,0.000
5922,0.000
5923,0.000
5924,0.000
5925,0.000
5926,0.000
5927,0.000
5928,0.000
5929,0.000
5930,0.000
5931,0.000
5932,0.000
5933,0.000
5934,0.000
5935,0.000
5936,0.000
5937,0.000
5938,0.000
5939,0.000
5940,0.000

General Average Growth Rate,2.045
